Time,X,Y,Z
0.0,-0.7992914147218987,-0.36030909056379756,-0.583552780898947
0.01001001001001001,0.9370320500773104,-0.7731995647019435,-1.3447665850906383
0.02002002002002002,0.619616309473527,-0.2688424251235628,-1.934771856169283
0.03003003003003003,1.3633825224447365,-0.984083783671015,0.6546144972696691
0.04004004004004004,0.21038258152036285,2.2317450936121426,-0.5253301019763826
0.050050050050050046,-1.013360831357714,-0.5204771914353147,1.2275925897825417
0.06006006006006006,0.24324518864734548,1.0784099465017023,0.9653428358088968
0.07007007007007007,1.6455590028543103,-0.7079099686957878,1.0880130349440498
0.08008008008008008,-0.7001429620604189,1.3084406127311907,0.3685158148922187
0.09009009009009009,-0.6771426817296605,-0.6205312194626657,-1.959555178035272
0.10010010010010009,0.7432567591635449,-1.20490961576065,1.6827594992858217
0.11011011011011011,-1.6798043761762076,1.2226294441669776,-1.7714569608798274
0.12012012012012012,0.7123069052869261,1.4289915306647722,0.48044757353888856
0.13013013013013014,10.915208263031946,8.479472495971166,11.396307016800884
0.14014014014014015,4.5112608869160065,9.245249691907095,8.903013423027712
0.15015015015015015,12.420160082088913,9.958188901138238,10.776949704760797
0.16016016016016016,6.456974858463709,9.253818192251456,11.369399761401626
0.17017017017017017,12.826804033780164,8.098193516027987,13.287807759427258
0.18018018018018017,-1.6591813082455247,-1.6688647026594896,0.2574432796832489
0.19019019019019018,-1.2781025389970406,-0.5843730222995847,-0.94458507124887
0.20020020020020018,-2.0878501178292335,-0.9246869220953774,-0.8759033726856362
0.21021021021021022,-2.325276554752211,1.665074914223679,-0.5094409323152355
0.22022022022022023,0.6287179722046755,-0.3199626976989131,-1.3634729296799262
0.23023023023023023,-0.13872291930574995,2.360517959346689,0.25622560753388723
0.24024024024024024,-1.1868865801199813,1.3307092945959587,-0.1626996678550154
0.2502502502502503,0.29503429976095824,-0.5719621914685149,-0.1661753628822006
0.2602602602602603,2.1529135377899196,-0.31124177493553395,-0.9201169141138142
0.2702702702702703,0.79974713363164,-2.0719889428735927,-0.2867733310205866
0.2802802802802803,0.6302438871098783,-0.43965369331398046,-0.3208647084704485
0.2902902902902903,0.4352925291417338,-1.5076071060005916,-0.9839267577800074
0.3003003003003003,-0.9515420815898195,0.27299781836155185,-0.8492926361632724
0.3103103103103103,1.541109738160882,-0.31070098498122,0.013907939049906998
0.3203203203203203,1.6140350050183223,2.3790653960368493,-0.40757990341291295
0.3303303303303303,0.23430131908656493,0.9170179039444748,-1.3244321187933714
0.34034034034034033,0.1391549187231575,-0.6496655516129123,0.5137849647326361
0.35035035035035034,1.2010728007089901,-2.1023741764094415,-0.4695592798895739
0.36036036036036034,-0.34762512759119274,-0.49121205662457273,-0.21582035593387322
0.37037037037037035,2.240865164145162,0.2769452699561075,-0.6894204391545095
0.38038038038038036,-2.272493088104127,0.17210653579917398,-0.10676208246473166
0.39039039039039036,-0.6633127276035802,0.06039314054970432,-1.8189347532291102
0.40040040040040037,-0.6725747682848314,-1.154823224749238,1.076814237495547
0.41041041041041043,-0.25065327136257853,1.623042315274754,0.0041856099970642375
0.42042042042042044,-0.019512553404848313,1.1504251587184617,1.5089616742662353
0.43043043043043044,0.15471366823834032,-0.3942941702372284,0.04209676238516452
0.44044044044044045,0.03925492533755367,0.4524579482008421,0.2565086704758931
0.45045045045045046,0.2146013823563619,0.2710775219231786,1.2158009805028864
0.46046046046046046,0.3993092016485188,-0.031191284224488813,-2.055693571420424
0.47047047047047047,1.29006246504813,-1.2770380338623901,2.6292620051357054
0.4804804804804805,0.31172807121387314,-2.6345187215138455,0.008389986070736068
0.4904904904904905,1.1925215044248354,2.0732137728382756,-1.3507237197037902
0.5005005005005005,-2.559337304304904,0.9758295605985837,-2.1842588105980525
0.5105105105105106,1.7517982926896474,-0.8742303599380061,1.2611725531289335
0.5205205205205206,1.2753764389930884,-0.9064484741277503,2.3718935107771846
0.5305305305305306,-1.0195189599698802,1.3282314825173411,2.3289528845739387
0.5405405405405406,-0.9387544517142862,0.8383185265080043,-0.059365333334943746
0.5505505505505506,-0.23238477097113627,-0.8537648599562261,-0.40583901302897507
0.5605605605605606,0.16862419000539905,1.295660775041882,-0.5419832765865817
0.5705705705705706,0.6825606478988168,-0.7917184021119079,1.689043858110878
0.5805805805805806,0.21185885389781822,1.790527378820232,-0.7609800758926203
0.5905905905905906,1.3324199007650515,-0.02270965026914791,-1.2736923696705742
0.6006006006006006,1.542470077323147,-0.22396794419959684,2.7141365463915084
0.6106106106106106,-0.06651413756481914,-0.880639453619883,0.5318747220869255
0.6206206206206206,2.1569760370801103,-0.16088653576195172,0.12051538610714506
0.6306306306306306,-0.4499829516564387,1.8349969118572098,0.09541824633402059
0.6406406406406406,-0.8409296921719167,-1.0838787960674758,-1.849505353535384
0.6506506506506506,0.8540714234341721,-0.25789879393495485,-1.6358752014873736
0.6606606606606606,-0.4433828562353983,-0.44603170053875824,1.2880023973302328
0.6706706706706707,-0.28320072651539635,-0.08871782473012371,1.7186475025787702
0.6806806806806807,-0.8509487700458317,-0.8014928139649417,-0.0421688854259296
0.6906906906906907,1.142735059920277,0.13992502995225073,-0.19530512563984526
0.7007007007007007,0.5318849304535752,-0.6050914418183522,0.10319742931502887
0.7107107107107107,-0.30909699376204847,0.7317873764786889,-0.48938312132500233
0.7207207207207207,0.29634450600023104,-0.7087780438507566,1.217064831467178
0.7307307307307307,-0.9630857551206992,0.7403592192432211,-1.5480416229100733
0.7407407407407407,-0.03243896296289548,-0.1624860544016577,1.1233368296832487
0.7507507507507507,1.299927769981267,-1.465522606822744,-1.0724322081969837
0.7607607607607607,-0.37259564409252405,-1.045442409729979,-1.058467014037885
0.7707707707707707,-1.769456757486923,0.3392140934506723,1.5513418400864782
0.7807807807807807,0.13639200906935794,-0.14798865789551655,0.9598201818191946
0.7907907907907907,-0.7444906147062293,1.4115937300640233,0.01246068485918502
0.8008008008008007,2.444674810271034,0.659574672939217,-0.3434958831932139
0.8108108108108109,-0.046092822442752666,0.17239933301261903,0.2261289880995041
0.8208208208208209,0.5089978188710422,-0.7470684112090598,-2.526489665074879
0.8308308308308309,-0.8684016916594846,-1.3975208107931811,-0.14000239435135134
0.8408408408408409,-1.0337549209620145,0.09070564190752868,0.4098004391446952
0.8508508508508509,-2.9615510943147196,-2.1264321334534713,0.9968928753460387
0.8608608608608609,-1.7170696514730666,-0.5368407031331562,2.3709764578240846
0.8708708708708709,0.35170263243286637,-1.1927831520027943,0.3028944349520664
0.8808808808808809,0.3368602161756708,0.9288129163896076,0.258412749270896
0.8908908908908909,1.158380607158905,-1.1617577734616016,0.5080559419915192
0.9009009009009009,0.012704591467061974,0.7246571159825453,1.0414182469518407
0.9109109109109109,-2.1894857147223457,-1.3644480982090215,1.7233300121515618
0.9209209209209209,1.2346082097885078,1.8269617008801404,-0.21787204343822042
0.9309309309309309,-0.5275695677304482,-0.6709680712833552,-0.5183465819849089
0.9409409409409409,-0.5470744885532337,0.1396105107449843,0.8915247206683304
0.950950950950951,0.3631012651381703,-2.1092279994452343,1.4855656460600768
0.960960960960961,2.2679581115971224,2.0725201568582543,0.8269604660896046
0.970970970970971,-0.0928138608367328,-0.3892093353230764,-0.8404946682330995
0.980980980980981,0.08121549016244077,0.5238067027120105,-0.20420873216681265
0.990990990990991,0.12863557212836627,0.5486912578405059,1.1391558872046552
1.001001001001001,-1.578687893580939,-0.004868534173061877,0.401184288995346
1.011011011011011,1.1154755484697279,-3.2512367448841584,0.5228947886211033
1.021021021021021,-0.021055096603380626,-0.22653484289621847,-0.6091636392521094
1.031031031031031,0.3477896830047045,-0.016589441327344363,2.1346507536650945
1.0410410410410411,-0.23696417847093587,-0.4625802700932634,1.0745765017233895
1.0510510510510511,1.3450955724334839,0.5384924962920582,-2.2438171622233782
1.0610610610610611,0.28917287906315503,0.5618484003518943,-0.5133369306649367
1.0710710710710711,1.0873592434901882,0.4020591460202798,0.6137316762219781
1.0810810810810811,-0.29926519227278986,1.7974910601977718,-0.36820464657692603
1.0910910910910911,-0.47938473858700464,-0.021029978989574198,1.1783002709704644
1.1011011011011012,7.841818116883249,11.457556991181162,14.633570430144404
1.1111111111111112,9.629071104065408,10.122284009343034,10.997087569494907
1.1211211211211212,11.285089126857397,9.383434914892165,12.21255193718116
1.1311311311311312,8.40828603880151,14.009108806377455,10.24385495384531
1.1411411411411412,9.927917258883566,10.807485741798965,6.733729453975098
1.1511511511511512,-0.576134496239006,-0.12015823259950703,1.7677100813355493
1.1611611611611612,0.1922772277874751,0.11366098290148641,-0.25051826282438044
1.1711711711711712,-0.07811624219171005,0.2724082832089924,0.07314376935245256
1.1811811811811812,0.07728067498296641,1.5222471024983322,0.10222963170105501
1.1911911911911912,0.24106115457451333,-0.06997930610780215,2.0411901901761462
1.2012012012012012,0.8424861186581781,0.3232673031302369,0.6820087948713053
1.2112112112112112,-1.0822303221828127,0.968419532438755,-0.47281309517525805
1.2212212212212212,-1.5094330085478556,-2.3086779257775385,-0.4746880862969713
1.2312312312312312,2.01013918769323,-1.2127593994315617,1.0793063967640608
1.2412412412412412,2.149465443014553,0.7008041152072295,-1.778245522358012
1.2512512512512513,-0.13716118311812117,-0.03495677539764476,0.8895068759210828
1.2612612612612613,-0.38162152752365625,-0.022489339291861973,-0.8041055895254196
1.2712712712712713,-0.04975831758305869,0.1350737840448855,-0.8098990837848062
1.2812812812812813,-1.8655161913811575,-0.35057539098832247,0.7225170908689041
1.2912912912912913,-0.20163793100686123,1.114423813139458,0.568904289314391
1.3013013013013013,-0.12573498359907814,0.5206017267382677,-0.5518843437056877
1.3113113113113113,-0.36934510608879423,1.2373969554799311,-0.0523787148415622
1.3213213213213213,-1.2066845579200522,0.054731203749833326,-0.07516132867101781
1.3313313313313313,1.4237885926679579,-2.318428829442565,1.1936974941703817
1.3413413413413413,0.8316155357880558,1.1945276733641619,-0.28409896241037996
1.3513513513513513,-1.5973347350528329,0.25978400879977487,0.09415024668713012
1.3613613613613613,-0.31616120144129994,0.028334953680316723,-0.667281170931923
1.3713713713713713,0.3673726535399472,-1.4328514487585176,-0.5653309588417736
1.3813813813813813,-0.7884569560841083,0.04832755503740843,0.17701673410569177
1.3913913913913913,-0.5056954643595911,0.8400660523860388,0.3678241293218062
1.4014014014014013,-0.6596440281114545,0.8781949608139678,1.8387661182642692
1.4114114114114114,0.3697451316550323,-0.5078587308865382,0.3912983204020192
1.4214214214214214,0.7284421906312474,-0.6825411554381726,-1.2379736142080529
1.4314314314314314,0.5707448572825257,3.141774549079967,0.5987882969366684
1.4414414414414414,-0.5699971953827793,0.9297070448647824,-0.0040799498116329104
1.4514514514514514,-0.14985272666525068,-2.278872160340027,0.35156249895465913
1.4614614614614614,2.2194660614583213,-1.1316329244236618,1.3358395857659988
1.4714714714714714,1.1513848461929241,1.0344504756517547,-0.2146175316872535
1.4814814814814814,0.6156078710258533,0.258569020739433,-0.7039715122817616
1.4914914914914914,-1.5126275728763476,1.2491051967197786,0.32857089301388953
1.5015015015015014,-0.8543393443238874,0.4900810660966291,0.8808731976082947
1.5115115115115114,-0.05378125325366778,0.4642200732784857,2.1029281658766377
1.5215215215215214,-0.4074792005535523,-2.2760544050759224,0.5767632576329441
1.5315315315315314,-1.234980886745125,1.2922624385469512,0.613785960519491
1.5415415415415414,0.27525677090308537,-0.5202841379914152,-1.246649341188667
1.5515515515515514,-0.13501861849908048,1.1622694828178264,2.1770277202984945
1.5615615615615615,1.5858334673366494,-0.48903502147724515,0.5204388575147089
1.5715715715715715,0.3075742700974943,-0.13846852687127395,0.5253079494548195
1.5815815815815815,-0.053029357585726696,-0.5914585694615657,0.896460151449201
1.5915915915915915,-1.283639554999822,0.31720649429055076,-1.6842883986351738
1.6016016016016015,-0.9950660752368911,0.583650711700124,-0.7456468625263837
1.6116116116116117,0.21496070587903165,-2.363586728189,-0.4481530740286805
1.6216216216216217,0.05089538277246402,0.4046689476247758,-0.5884814332271521
1.6316316316316317,-0.3285338283593438,-1.1999004411411132,-1.7106470628662553
1.6416416416416417,-1.7038339943807073,-0.14315743567507327,-0.5001026436688022
1.6516516516516517,0.7736307145278524,0.8501013968389615,0.28731774193806064
1.6616616616616617,0.5033053374616396,-0.8024967486310149,-0.6566253620449105
1.6716716716716717,0.07878265847261003,-1.3606091970423075,-0.017237720496266488
1.6816816816816818,0.7799868716238543,-1.2387941386316597,0.7413630221185398
1.6916916916916918,-0.8299384700445538,-1.1410695583899153,0.6931088547818326
1.7017017017017018,-0.8039161682415575,0.9155280940168051,-0.831417309398609
1.7117117117117118,0.5119322723057127,1.229759258782729,0.5308598729051756
1.7217217217217218,0.39039719034039894,0.9902558709638376,-0.37107844742585055
1.7317317317317318,0.5879521893502107,0.14899724614135582,0.12782993895654204
1.7417417417417418,-1.6900336308691544,-0.7520270187191018,-0.8640184410582853
1.7517517517517518,-1.6324652847464616,0.13013112072948305,0.9953681099413736
1.7617617617617618,1.4356996830255242,0.16629927447388035,0.14068963163947895
1.7717717717717718,0.8716651172994531,0.6322227624868123,1.1957338252743668
1.7817817817817818,0.23923699084691197,0.13528445978253348,-0.403094720190064
1.7917917917917918,0.4842610971700437,-1.2672728792427739,-0.7105771661679928
1.8018018018018018,0.14809163444904902,0.36406262485335195,2.30122457585178
1.8118118118118118,-0.5740855191139917,-1.2405662857829018,1.292851796556957
1.8218218218218218,0.4833681684174906,-0.058870803889175656,1.0289877542154595
1.8318318318318318,0.6119772666403209,0.10610042947700922,-1.5637976878713011
1.8418418418418419,-0.06836132269484446,2.0514467325719,0.9485657511489853
1.8518518518518519,0.38275395680209673,-1.6781891477551494,-1.4162603278430088
1.8618618618618619,-1.6403372887211327,-0.9408500337060574,0.16521604909597998
1.8718718718718719,0.3746373337539015,1.3683589574271935,-0.08404283989973167
1.8818818818818819,-0.576778521997059,-0.9462269083528363,-1.0108476287061632
1.8918918918918919,1.8195895157390567,-0.6798039270778811,-0.701835225659978
1.901901901901902,-2.205261016444028,1.5437622058508293,0.047993662401887
1.911911911911912,0.7089375577533104,2.1566205219904475,-1.7535821954505912
1.921921921921922,0.85506361344811,0.5607396049544069,0.34074658333150476
1.931931931931932,0.5680132679824416,-1.3229495596184473,0.20457047377895163
1.941941941941942,0.9714407049225,1.040571771368909,-0.5964902854821491
1.951951951951952,-1.2925028110834769,0.42299026298676845,-1.5682229089939548
1.961961961961962,1.6002208245598768,0.4130506069600843,0.7468465815847929
1.971971971971972,-0.9114106005023523,-0.609915515248343,0.03657868442317354
1.981981981981982,0.8033389184726283,-0.03668372170714651,0.6985400052873684
1.991991991991992,0.8361069138840089,0.8572019613524757,1.4584104361699393
2.002002002002002,0.6485250034160406,0.013920693925682601,0.1030813684367599
2.012012012012012,0.8074393970505589,-0.2869817200486542,0.4411400509776735
2.022022022022022,1.439766965213035,-0.7427539167119269,0.5039878868882265
2.032032032032032,0.3933742993942028,-1.9632018019536053,0.9350899835520388
2.042042042042042,-0.9961300385791743,2.4068105700713653,0.09973740914231588
2.052052052052052,-1.6483228529449314,-1.4675643199503776,-2.746270101498567
2.062062062062062,0.5109988139198024,1.068992671583443,1.033757581355283
2.0720720720720722,0.02250653739911535,0.8126809597472097,-1.5827638477486254
2.0820820820820822,-0.22399337204062705,-0.7185093919036575,0.8884773894321684
2.0920920920920922,0.14222246014299214,-0.11107523116536072,0.5381332939261676
2.1021021021021022,0.18515951364566066,0.1082343708115638,0.3895466260674443
2.1121121121121122,0.6116440328848266,1.5440083229329962,-0.849735393956718
2.1221221221221223,-0.08294927340416906,1.2559389739578781,-1.8637407378006463
2.1321321321321323,-0.35102327393131,-0.6360134861138346,-0.8571576520130751
2.1421421421421423,0.8745511444589553,-1.298125693745705,0.4977574856693709
2.1521521521521523,0.4734951219915093,0.14985313711239923,0.8240110592126029
2.1621621621621623,-0.5490706861871345,-0.338199497481974,-0.8669162457013281
2.1721721721721723,-0.030912127929003812,-0.08725156948582984,0.820594352337799
2.1821821821821823,0.5974667132728555,0.2536805656213656,0.7206409273945962
2.1921921921921923,1.3755541803027467,0.707731972714941,0.18566058439330407
2.2022022022022023,-1.0553591818579293,0.19051842249439752,-0.41117170560109767
2.2122122122122123,-0.22936059061230077,-0.4543370344542817,-0.529794523768086
2.2222222222222223,-0.87781434325798,0.8694947264552005,0.500356966759544
2.2322322322322323,-0.6113440343781098,-1.3389943374091418,0.8390699755382547
2.2422422422422423,-0.855351981402861,-0.35884722597893265,1.3630172799217966
2.2522522522522523,-1.247797554377006,-0.7968882466256956,-0.6819017691655694
2.2622622622622623,-1.4061759724517726,-0.2131916135947623,-1.935144808061691
2.2722722722722724,1.1746897262497562,0.8235335964864601,-0.4585842662828809
2.2822822822822824,0.60959390341812,-0.9597299234508208,0.6384218406595974
2.2922922922922924,1.8133462424140223,0.0801917818113419,0.3320654819476037
2.3023023023023024,0.7480276500613163,1.8961151707757644,-0.7273902177284333
2.3123123123123124,0.1227630080354637,-1.053359735918799,-0.017616827556634025
2.3223223223223224,-0.11335306229100804,-0.009525800581359788,1.0106602051991362
2.3323323323323324,0.4548323403971895,-0.7601373052509827,1.031042952879752
2.3423423423423424,-0.02901012200393432,0.15163444524349184,-0.5634575709623969
2.3523523523523524,-0.2566426260830495,0.652102538266359,1.1687438727985664
2.3623623623623624,1.038245203572267,-0.6791624321045009,-0.07818678031671188
2.3723723723723724,0.515163278841535,-0.4810013402224698,1.2385890180613512
2.3823823823823824,-0.5260847200657658,-0.24961564121933738,0.6537597954042345
2.3923923923923924,1.5395947126211649,0.4151155678362007,0.4805299447118911
2.4024024024024024,0.03449771796995282,0.4536267642991224,-0.20834948740769135
2.4124124124124124,-0.8900323933366795,0.0742900711573556,1.1910311052987441
2.4224224224224224,0.40318522854844774,-0.8865453373860082,-0.2996534169904193
2.4324324324324325,-0.7587975828564796,-0.7146197620895768,3.3270289151870363
2.4424424424424425,-1.421333413755431,-0.18739245862920606,-0.2006436244016553
2.4524524524524525,0.008403237500209545,-0.22562050489081772,-0.4105026775514487
2.4624624624624625,0.10332441849959814,1.5742225316882845,-0.2802925249841114
2.4724724724724725,-0.8775339456670688,-0.2903811918650737,0.1395113681439332
2.4824824824824825,0.09015733568092336,-0.3131994188761064,-0.4301692571357298
2.4924924924924925,-0.19278904674230807,-2.301688850097233,0.5818414208633775
2.5025025025025025,-0.12982015517175627,0.8007009171236024,-1.0728366293280611
2.5125125125125125,-0.888204265677968,-0.18856414618088158,-0.9478200847897451
2.5225225225225225,0.8558756075862162,-0.02342063789518038,-0.5110926153750758
2.5325325325325325,1.0972773391839918,1.4561117797075276,-1.9538767898538516
2.5425425425425425,-1.9046574108789354,0.043127943652783385,0.7582781322178962
2.5525525525525525,-0.9019257624365015,-0.16425516937186735,0.7140037223568395
2.5625625625625625,-0.0748184347913309,0.41486599830059856,-0.9911244269191988
2.5725725725725725,-1.4081736562301146,0.2903439533720132,-0.05038528698460476
2.5825825825825826,-0.4013618719885711,-0.8174307084146679,-0.8454819958326867
2.5925925925925926,-1.6477133804157231,-1.0774034816508147,0.1336193962687241
2.6026026026026026,-0.29562413809887267,-1.0476070645625322,-1.104856313723165
2.6126126126126126,-1.4668290391513152,-0.9598186381429132,-1.0748665651532459
2.6226226226226226,0.9479144046904255,-0.604233277039948,0.33392997694644305
2.6326326326326326,-0.8072680075345287,-0.47862189811063066,-0.4658680435375832
2.6426426426426426,1.5306958467799299,-0.5805958371647445,-0.6203173550584783
2.6526526526526526,0.5918012360597061,1.033520164713543,-1.2158997783656693
2.6626626626626626,-2.1712521403098393,-1.1166006320741133,0.10308454289481503
2.6726726726726726,1.3880927262824605,0.9780551815324832,0.64434329458061
2.6826826826826826,-0.2342690435856026,1.9377155534309376,1.594723880053083
2.6926926926926926,1.0000977728416627,0.3494893017141762,2.639635921174787
2.7027027027027026,-0.6488244987010632,1.4941494709803305,-0.7104303358355125
2.7127127127127126,0.31660727099881053,-0.34635588834916964,1.328805094037132
2.7227227227227226,-0.021538191951402573,0.3548111061807078,-1.998547890999322
2.7327327327327327,0.19529671171213656,-1.3228788193968488,-0.47803354467950776
2.7427427427427427,0.30171708189100116,-0.6382507868324666,0.1698213282922741
2.7527527527527527,-1.6911051304350149,0.020482239576571276,0.5071358491994009
2.7627627627627627,-2.1991646135047898,-0.6066303636787094,-1.3676508497955084
2.7727727727727727,0.16469186232093255,-1.4553830954135174,0.019397169549457662
2.7827827827827827,1.762569781049943,-0.4361396206672211,-1.4621032219773251
2.7927927927927927,-1.3197043857966115,-0.857670262549215,-1.5206266895625393
2.8028028028028027,-0.2598637952512401,-0.8529032653540336,-0.9259806234612058
2.8128128128128127,-0.14561249128975878,-0.863063523697483,0.8340947658511637
2.8228228228228227,-0.8629388742663037,-0.5173302792172365,0.8896886340960543
2.8328328328328327,1.4612652448182541,0.5603874754956188,-0.03798419075546591
2.8428428428428427,0.4783297696286606,-1.0186681104423327,-1.4780777410290944
2.8528528528528527,-0.21331369258629912,0.29274452392753536,0.39780358975312535
2.8628628628628627,-0.5805691506743438,-0.7080387292758933,-0.8847023782466507
2.8728728728728727,1.0993035235045576,0.08898778699770611,-1.6268909079039593
2.8828828828828827,0.8732546771173405,-0.46169918965934387,-0.3378123269037396
2.8928928928928928,-0.583617547856272,0.47490539765001416,0.8153496967498747
2.9029029029029028,0.05534882089320754,-0.033690771620196326,-0.5054056237657447
2.9129129129129128,0.29546431232921155,-1.094016911841885,-0.15266961551544886
2.9229229229229228,-0.43402170257326306,-0.9484785442969138,-0.21527211137640218
2.932932932932933,-0.4193199739625688,1.307503831919835,-2.135079961495418
2.942942942942943,-0.7600262511370501,0.6859009724791983,0.7329530807360696
2.952952952952953,0.6019464906385742,1.6235105347481467,0.5586217661448508
2.962962962962963,0.9471079509610267,-1.795979713433775,-1.6954662459633254
2.972972972972973,0.7734768158940363,-1.1042818432246004,0.895978768148738
2.982982982982983,0.11705386584162905,0.7420555693246121,0.4095120612545472
2.992992992992993,-0.07872797641297899,0.04050148688941587,0.6502487063272885
3.003003003003003,-0.18046224895025337,-0.02974705906200328,-1.449902155490181
3.013013013013013,0.5259030427142357,1.1114142055920586,-3.0698976976764913
3.023023023023023,0.5337352238470686,-2.0677162895968144,0.048117746516700505
3.033033033033033,-0.5447570548407955,-1.8396168470249492,-0.15688556165451456
3.043043043043043,-0.9089839221447084,-1.8349259110252336,-1.3582698245997749
3.053053053053053,2.187746618729696,0.3082504497398524,-1.0124286167866912
3.063063063063063,-0.7998436973689065,-0.4569826229922626,0.17972695740330957
3.073073073073073,-0.22261818278452913,-0.886698281416395,0.06092826981727705
3.083083083083083,-0.621276228475543,-1.3381318451718747,0.4767368626530983
3.093093093093093,0.18267194618616336,0.1199468703583962,0.6063198885099804
3.103103103103103,-0.7951034259403679,0.6314280611715025,-1.1519686641478761
3.113113113113113,0.4274932785864155,0.03304024634332463,-0.14104077197092352
3.123123123123123,-0.43284941047460135,2.133257081024126,0.8413661652141867
3.133133133133133,0.7957537612265673,1.0688727819558483,0.11027228172858015
3.143143143143143,-2.06156736454391,-0.19279517040800903,0.4631844620398786
3.153153153153153,-0.744716302010275,-0.7596669908950162,-0.06969144022132694
3.163163163163163,1.324938518211814,-0.059632679668943,-0.01632918438636969
3.173173173173173,-0.7194449332629745,0.5795506120469756,-1.3593486146977352
3.183183183183183,-0.37850856471039146,0.307704744180567,0.02719676207474106
3.193193193193193,-0.3302526498121367,-0.038108503730912374,-2.0147433099878085
3.203203203203203,-1.3823262151194342,-0.222163975933872,1.8709031135149137
3.2132132132132134,1.4853954863663466,-0.6286154027195614,0.026309000768209446
3.2232232232232234,1.2513029506744975,1.3335435661287725,0.5062271942991947
3.2332332332332334,-1.376997225463441,-0.179145332848788,-0.41534193246673273
3.2432432432432434,-0.31150467248349506,-1.5459846259489336,0.018136985390846423
3.2532532532532534,-1.5156595953247916,2.033296036034035,-0.12907944238930377
3.2632632632632634,0.7513606430731339,0.18596166954648832,0.02364924134050325
3.2732732732732734,0.12453981126854247,1.0397734007205002,-1.4512684200084174
3.2832832832832834,-0.713699117568868,1.1235103476461248,-2.3082763136321995
3.2932932932932935,1.0089664928874502,0.1081687679352711,-1.1849535595678669
3.3033033033033035,2.372271744349781,-0.18628136539939102,-0.023648884453214482
3.3133133133133135,1.3996198114104295,0.2028937461335876,-0.3652844912977497
3.3233233233233235,-1.9598027879990105,-0.37106379022261315,-0.999249625098389
3.3333333333333335,-1.563899575547955,1.9970252966205018,-0.31454333044600913
3.3433433433433435,1.6576759024084506,0.17869432958365578,-1.0834740682976718
3.3533533533533535,-0.41165409352487065,2.0223076669575497,1.620803229368252
3.3633633633633635,0.14923785222083769,-1.8083957604551233,0.37748313043821785
3.3733733733733735,1.2817296872953416,-1.223480764457619,2.0112466504788786
3.3833833833833835,-0.32821861044975464,-0.9535304023559653,3.164490498896241
3.3933933933933935,0.2464054608082175,1.3426732759883457,0.36936370774183486
3.4034034034034035,-0.7283383565873165,1.3862195453600652,0.07241373228529667
3.4134134134134135,-1.5368731407324947,0.9070575428235893,-0.6222281305323
3.4234234234234235,-0.07551888312452887,-0.29215254558674725,-0.5869853714063429
3.4334334334334335,-1.17265020909506,-1.0592594287678292,-0.5655034800140661
3.4434434434434436,0.12344503368873888,1.3906646948686163,-0.7284402530261443
3.4534534534534536,0.3946431917988824,-0.9283103935513174,-0.010121777243540363
3.4634634634634636,0.11654502501722698,-0.324282398779786,-0.8205942518313109
3.4734734734734736,-0.8714529497158446,2.255721377535719,-1.6172928556850537
3.4834834834834836,0.20744210012487668,0.04104449465189125,-0.5803115650463601
3.4934934934934936,1.2285760450696461,0.15368158762027526,0.14704722150905217
3.5035035035035036,0.5333840519816399,1.9643070002358314,0.6551971081815207
3.5135135135135136,-1.6039020610938497,0.9637725786348917,-0.9768661026893366
3.5235235235235236,-0.8804813846822653,-1.6093261934943828,-0.5368122500297714
3.5335335335335336,-0.1084096283917483,-0.04898898581466983,-1.071826304698488
3.5435435435435436,-0.31188956718442823,0.1467970855567964,-0.07995205082036011
3.5535535535535536,-2.154163305181288,0.9828457247734516,2.8418029171683568
3.5635635635635636,0.7505145631733577,1.417339476315773,-0.6769648123716266
3.5735735735735736,-0.20098399468178602,1.3228298790158048,0.6175440993715272
3.5835835835835836,-0.24556761375308223,0.8702466510806413,-1.1440541873907648
3.5935935935935936,-0.881407300341809,0.37341729816954006,-0.6077891940990453
3.6036036036036037,-0.07294375912524055,-0.40973976362329756,0.8837696268104122
3.6136136136136137,0.059817286497512084,-0.6427661819784377,0.2768819979118305
3.6236236236236237,-0.10448311578832295,0.08627623217777008,-1.1372004310476573
3.6336336336336337,1.2237571604083413,-0.44688937917090743,0.4527979841746163
3.6436436436436437,0.5248614825375162,0.7904465015410284,0.82829390854688
3.6536536536536537,1.339269947451602,-0.439619025494868,-0.5151492475634859
3.6636636636636637,-1.1587594864902577,0.5540601268515791,-1.6146832932780621
3.6736736736736737,-0.004097745685159225,-0.3960936352771887,0.7300244500452671
3.6836836836836837,-0.22389723942348014,-0.38572230925866935,-1.0394402929026252
3.6936936936936937,0.6591031153055769,-2.1930388799480283,0.2954702366763922
3.7037037037037037,1.1152102695881634,-0.8174483961148988,-0.6114560245698313
3.7137137137137137,0.02934346318034698,-0.6939359902953208,-0.7198754898517251
3.7237237237237237,0.6805976003441839,1.6196993161924382,0.4013393029389467
3.7337337337337337,1.8572205799259112,0.2861689423583619,0.7742661199192694
3.7437437437437437,0.9404612127842057,0.25756978777595524,-0.11215912464165675
3.7537537537537538,0.6855599005600227,-1.0030344253923045,-0.13204144764084116
3.7637637637637638,0.12567977863872354,-0.15802863950585988,0.2856757843570841
3.7737737737737738,-0.6459883621404525,1.0202491403949985,0.1716105112829616
3.7837837837837838,0.1676148619771158,0.1626919225569654,-0.42647347827785226
3.793793793793794,-0.319650569483736,1.3410995502856002,-1.6273641984042178
3.803803803803804,1.3331973695374049,-1.2599320216776282,-1.2007437006163975
3.813813813813814,-0.5162079966216594,0.22208073991574717,-0.9760449480438773
3.823823823823824,1.4830291660123076,0.9505658870915196,0.4763068428104892
3.833833833833834,-0.006062431708799309,0.13474452906947776,0.5223855616570882
3.843843843843844,-1.3592396959045918,-1.5180671905519247,-0.020020213619703353
3.853853853853854,-0.3705422031007586,1.7732602023819608,-0.256799909561115
3.863863863863864,-1.041382999453346,-0.6764982097627954,0.07338643440466845
3.873873873873874,0.03688036362876539,2.83961624520831,-0.8870030632329334
3.883883883883884,1.155772918879925,2.2978049584964264,0.8547168525237243
3.893893893893894,-0.412815710585856,0.3599444323001539,-0.7195005440529378
3.903903903903904,-2.123207003423431,-0.0029321206699296286,-1.1712289488737675
3.913913913913914,0.2299050049961287,-1.064134944437618,0.8920442478052469
3.923923923923924,2.568268198683843,0.6199585598819631,0.3642679194840023
3.933933933933934,1.218636201742034,-0.0069066543906168305,0.8442179824077033
3.943943943943944,-0.012166218003498808,0.1855489072200938,-1.93291193841068
3.953953953953954,-2.088422669948524,0.4528790965501605,0.7718756283408631
3.963963963963964,0.3978654968774397,-0.6645059981530362,0.5692967162993829
3.973973973973974,-0.13164349793651953,-0.9739204214170198,-1.7278580991149852
3.983983983983984,1.4109424466216376,0.041967823822109,0.458707328048757
3.993993993993994,-1.0168665197624192,-0.9761931862175375,1.1748953838361562
4.004004004004004,-0.15030257927478266,-2.030377714806241,0.11643391022527341
4.014014014014014,0.8255542159390779,-0.5205342426704196,0.4742703570597464
4.024024024024024,-1.704724169642627,0.8211765913212632,-1.7800065799808735
4.034034034034034,0.08259261377958561,-0.5185807769042521,0.13488575499868466
4.044044044044044,-0.15768855408491697,-0.8553107379140895,0.4804220049424395
4.054054054054054,-2.595661317763989,-0.8872075481088304,-0.3552305710271427
4.064064064064064,-2.0778555224564177,0.5249454951868777,-0.24791914880249274
4.074074074074074,-0.9054154120439009,-1.2015326169394636,0.9175871102156601
4.084084084084084,1.6260999794396809,0.9039911178160902,1.7234634565701963
4.094094094094094,1.299616486150421,-0.7305049916517083,-0.28534757234664127
4.104104104104104,2.4035745480032147,-0.4589936286084174,1.704940624679816
4.114114114114114,0.39609600606509837,-0.24234677974206892,0.11988873472733287
4.124124124124124,0.5807511234564579,-0.8805082027845383,-0.6632373649211228
4.134134134134134,-0.4589954817024076,1.6847103966023986,0.9501212686546938
4.1441441441441444,-1.0805654282912833,-0.9968196845325208,0.23309158034421426
4.1541541541541545,0.2712730657431721,-0.46345816783448895,1.8708129262186781
4.1641641641641645,-1.4594364994356874,0.01496376031604262,-0.2998543470030046
4.1741741741741745,0.37089484438355147,0.5261326287954301,-0.4219055419825562
4.1841841841841845,-0.0251147975849855,-0.704875405057904,-0.7501962170609667
4.1941941941941945,-2.078549772879008,0.5290180269813721,-0.3431260825353981
4.2042042042042045,-0.3282916414973544,0.4072734788009196,-1.498891497721273
4.2142142142142145,-2.090933546346021,0.5488427786168312,0.9654187324446238
4.2242242242242245,-1.156158295118429,0.5442535804331383,1.1393515183565235
4.2342342342342345,0.6728595343426582,0.7363354829873846,0.30361873745755164
4.2442442442442445,1.239542098353426,0.29095612564609374,0.790840904702164
4.2542542542542545,0.9516757644304411,1.0291955467328353,0.3944450360771071
4.2642642642642645,-1.4887167071447276,-0.22536483971323412,0.9255775886028913
4.2742742742742745,0.6671250232276477,-0.9034029639578484,-1.5802682211822394
4.2842842842842845,0.19165623747851104,-0.20385321164743575,-0.8775213921318793
4.2942942942942945,-0.3190922761083979,-0.5441801055632755,0.3296411053920384
4.3043043043043046,1.0345422781568192,0.02106838208317685,-2.1790813907490447
4.314314314314315,-0.30133830969493053,1.1290917316138211,1.9085125093641084
4.324324324324325,-0.437205799608327,0.21998007125556612,1.4403682722424644
4.334334334334335,-0.03308442417882942,-0.026257896167857227,0.3887555021538676
4.344344344344345,0.5966807362414391,-1.0056281246805174,0.14261073223789325
4.354354354354355,0.3797365674953297,1.3462405545271185,-0.28475833692222235
4.364364364364365,0.22448221580202013,-0.22176963256067372,0.40141677651161367
4.374374374374375,-0.39013881587122423,-0.08951794846086819,0.8117494205537134
4.384384384384385,-0.654509007827836,0.4219433415296852,0.7818459896038292
4.394394394394395,0.08343040385885024,-0.1034340902559554,0.35005084006871684
4.404404404404405,0.006865285821051716,-0.2918505009521296,-0.4833842563596883
4.414414414414415,-1.1161588859509874,1.8635848273822129,-1.0072731500077818
4.424424424424425,-0.61448695883015,-1.5366517069326195,-0.28821703990006187
4.434434434434435,2.51623079226338,1.438201597809853,0.031984543325526915
4.444444444444445,0.4366317464295541,-0.0006326065038813107,0.052185762653509986
4.454454454454455,0.039963703390987086,0.47499624559455245,0.5515160820936271
4.464464464464465,-0.2826382388468137,-0.5660466773331175,0.5311576759004607
4.474474474474475,-0.25754499562150934,-0.6076920047059583,0.2919344903884274
4.484484484484485,-0.06431210909535996,-0.28920101034627277,0.7624871507684712
4.494494494494495,-0.9501866192128996,0.3805967569490241,-1.43513608052748
4.504504504504505,-0.6405632750313502,-2.1806080734258106,1.7809237277466938
4.514514514514515,-0.28735425167612255,-0.48109364886971645,-0.7838374398775455
4.524524524524525,-0.5912390811720071,-1.20265138200501,-0.30099484172482877
4.534534534534535,0.8285026100222561,0.4606245585085675,-0.17664090050488016
4.544544544544545,0.19536222027727262,1.416932828820578,-0.25127772875934484
4.554554554554555,-1.672008376088883,1.0766819540587205,1.7859511099974728
4.564564564564565,0.45520363073741077,1.2444815775716915,-0.4737304325163219
4.574574574574575,-1.4946868027351061,-0.975035148592319,0.184662738717133
4.584584584584585,0.5204019303479424,-0.717072161406435,-0.37566414020844113
4.594594594594595,0.20894239182563557,-0.6188138342923086,0.14657066060248303
4.604604604604605,1.4174588691458587,1.419731121111197,-1.429470490118198
4.614614614614615,-0.514186985863971,0.7546824356719143,-0.9726530190369979
4.624624624624625,-0.11924104346229344,-0.031865533983849156,-1.4832829559085343
4.634634634634635,-0.6455811404072258,0.1958897654855694,-0.493055532766572
4.644644644644645,-0.15787382384110762,-0.5325810948422347,-1.6216139716353783
4.654654654654655,-0.8197093423667621,0.9149138114796697,-0.5421485335857652
4.664664664664665,0.2782069559002303,0.3891185317878946,-0.25708387777834685
4.674674674674675,-0.1325713081264323,-0.24451608682087983,0.31303117297952177
4.684684684684685,-0.11324301054795415,-0.2806137793058161,0.015389395374553102
4.694694694694695,-0.6322553155991061,-0.8528958712624682,-1.4254857824574556
4.704704704704705,-1.5894011123951668,0.8460131243311342,0.7537907860242731
4.714714714714715,-1.1751745523512347,-1.0530417540784447,-0.6560586648086125
4.724724724724725,0.012505818181845277,-2.8333079875692544,0.5848948895309305
4.734734734734735,2.5986078678365545,0.5752007425309349,0.4915318499359962
4.744744744744745,-0.23129657402826767,1.0257551732795525,-0.34866501423406804
4.754754754754755,-0.8451431411911213,-0.13854684606628245,-1.111961454774108
4.764764764764765,-1.1720040402598702,1.514911476588951,-0.2976049188865538
4.774774774774775,-0.1749983351543785,-1.2794030818821436,-0.20118179208577125
4.784784784784785,0.15534304116862152,0.07581165669606586,0.5206519181291788
4.794794794794795,0.029338122616029357,0.2610059112816565,-0.29931524581889724
4.804804804804805,-1.3983008304940072,1.2700298833995143,-1.5131703907631038
4.814814814814815,0.08587844599209808,-0.4615220981520224,-0.24260759257579165
4.824824824824825,-0.6681516480011888,-2.5235016545810356,-1.1078184238598985
4.834834834834835,-0.1732242555288732,-0.15021651624908133,0.1508206942824178
4.844844844844845,0.7672095467924256,0.5299132401314174,-0.43416420979863757
4.854854854854855,0.3746545905410312,-0.44487885949205014,1.492793185437121
4.864864864864865,0.29127841250181685,0.29006684597624893,-0.8370230956571412
4.874874874874875,-0.2874878649193615,1.1324619328190006,-0.157351708697116
4.884884884884885,0.14568576905235503,-0.9580693492885592,0.1576561132532576
4.894894894894895,8.415504135535162,10.435916341470053,12.39535700031094
4.904904904904905,12.357992413706974,9.081326461450855,16.346696596949933
4.914914914914915,9.510147839376836,12.325770890625762,8.613264925926089
4.924924924924925,7.94491990848502,12.398445120212156,11.17744308088825
4.934934934934935,12.404285655375944,10.4781244207861,12.495183094560018
4.944944944944945,0.17085373631850503,1.03614927483706,-0.08932001050098555
4.954954954954955,0.5919278490431311,-0.8086110948794786,-0.43044373185161866
4.964964964964965,-0.3025041952956503,-0.7807145191293586,-0.5680103174006982
4.974974974974975,-0.6831219360718256,0.25037431507086266,0.27721330379726306
4.984984984984985,0.720151035926365,1.7809599886640275,0.2700217356364591
4.994994994994995,-0.008965228898710943,2.471484236242642,0.8921534650058744
5.005005005005005,0.44240248042015845,0.9146899076679311,-0.0012075922469202683
5.015015015015015,-0.3263313728593497,0.08368249301153806,0.12307995313251187
5.025025025025025,-1.7361019951803491,1.3800454515505047,-0.8738780581735092
5.035035035035035,-0.3144193542896997,1.0425261418840412,1.5748688456175648
5.045045045045045,1.1730497922666714,1.553376778733454,-0.3399241093403394
5.055055055055055,0.17819030942171565,-0.39947529872943877,-0.4595863914154521
5.065065065065065,-0.7196830115916439,0.8828176759179923,-1.5470018137236248
5.075075075075075,1.3030904824676217,0.7221485666622538,0.827731662139562
5.085085085085085,0.12395356501996585,-0.2719147008900569,-1.2744649937624388
5.095095095095095,-1.6018342643349126,0.7219104648591195,1.1082602462155369
5.105105105105105,1.9289415920978936,0.5096196641923307,0.43073000208607504
5.115115115115115,0.6287136114291549,0.3367412045844798,0.8770910834956381
5.125125125125125,0.4417199299404496,0.5447922143769666,-0.593952371248797
5.135135135135135,0.8113648555315801,0.5134468418133289,0.6573635958990481
5.145145145145145,-0.8993260757765311,-1.4534743397565681,-0.044827079818213954
5.155155155155155,0.5250725755620703,1.7768134692330029,-0.08887181073244517
5.165165165165165,-0.9151292508254049,0.4043905231468037,1.0978361095034668
5.175175175175175,0.5293432219009955,-0.278759914566335,-2.026575894111441
5.185185185185185,-0.15141591181504097,1.8791084715766104,0.4268904115417536
5.195195195195195,0.7355304953288819,-2.2714167296370857,1.0752687495066946
5.205205205205205,0.08290770606750494,1.2940910792687803,-0.2626923536945939
5.215215215215215,-0.5024938038734366,1.5191128969133747,1.2368986698377857
5.225225225225225,1.2499469599636166,-0.890063503657087,-1.599318566663877
5.235235235235235,1.0014424175245857,-0.5812161456812258,0.14973017212340567
5.245245245245245,0.22715578804249506,-0.674350402127463,1.099449515405277
5.255255255255255,0.2726220398909624,-0.7243223149377488,-1.8882819027653597
5.265265265265265,0.00013375678442253136,-2.1362105949398353,-1.4339141293749897
5.275275275275275,0.7301529178692884,-0.24734056282170647,-0.6736617866330606
5.285285285285285,0.2845277563785286,-0.5296103366090275,-0.30272520529299896
5.295295295295295,-0.8716230165760932,-0.33947680688956455,0.24465187510652972
5.305305305305305,0.8847796196909712,0.20559742440199755,-0.7729135834948478
5.315315315315315,1.527336443852453,-0.45723708616977105,-0.22569811507914586
5.325325325325325,0.6434799192139774,-1.9049487058479166,-1.027823560880765
5.335335335335335,0.023397456846034313,-0.46249137124766926,0.30038248685186997
5.345345345345345,-0.37675752962723047,-0.5823830575156688,-0.47629612291379125
5.355355355355355,-0.13790883890517086,1.709062745770926,0.9856187020014882
5.365365365365365,-0.9953379761970694,-0.40034320775763177,-0.8873716204993611
5.375375375375375,0.9746696864777838,1.0467810975404015,-0.2414207525487147
5.385385385385385,0.5113083570010527,-0.24700695673413411,0.25749850171113287
5.395395395395395,0.7578151105969607,-0.8241621479704163,0.5603030421868729
5.405405405405405,1.081697440476411,0.07713129430972807,1.4378131568603245
5.415415415415415,0.36347891425444623,-0.6604064150598441,0.1093474449741685
5.425425425425425,0.6497913156375439,-1.0856732445615158,0.458710123024081
5.435435435435435,-0.779127118261324,-0.504018695013572,0.33390301325271216
5.445445445445445,0.015522942682036798,-1.3515990288735606,-0.28285688633472644
5.455455455455455,-0.5415227636619848,0.6724242302759091,2.63633781794044
5.465465465465465,0.06906143415356059,-1.5755300455724441,-0.9475189313277146
5.475475475475475,-0.29982691502823106,0.6255562446457947,-1.0882012891570063
5.485485485485485,-0.4042187428388097,0.33537130513360597,-0.6921463426611923
5.495495495495495,0.20063878120872025,-0.6329851989408957,0.4157568046529679
5.505505505505505,0.20726541723847605,-2.1569912818749657,-0.5587859782827693
5.515515515515515,-0.24470722854690552,-0.7170144174514774,-0.24992969101891666
5.525525525525525,-0.33396004367280774,-0.19130496559071297,0.8607660758797138
5.535535535535535,-0.3131332237312767,-0.7384656310315484,-1.45665814853385
5.545545545545545,0.6707493768959244,0.4467952702802638,0.24259044875256158
5.555555555555555,0.2920235253901081,-0.19228358223462516,1.9810065103195544
5.565565565565565,0.7608072343809312,-0.23271084037483591,0.6080166216309073
5.575575575575575,-0.5418642413414961,0.9419605121051693,-1.6911710322533577
5.585585585585585,0.40473862009697437,-0.5741720574233602,-2.116393314056112
5.595595595595595,0.8783924477017713,-0.07342862774330602,1.7131378533429873
5.605605605605605,-0.27863688412758164,1.1580444470193607,0.9066470869209724
5.615615615615615,-1.2758718020993505,0.9005611614193963,1.042129702814718
5.625625625625625,-1.7083290256984758,0.23288043282346552,-0.35643252646642964
5.635635635635635,0.11171132589000368,-1.4475716432633992,0.9367554855687827
5.645645645645645,-1.7860197343914064,0.2245108793376947,-0.7619505287022439
5.655655655655655,-0.9633004496371309,-1.1036192671854883,0.7615484763680344
5.665665665665665,-2.4528222411940757,0.48488635123779017,-0.2490551933985633
5.675675675675675,-0.5643068692095405,1.302691385592635,0.29108958329435186
5.685685685685685,0.9852584173807707,0.45972382104881815,-0.8314795113029062
5.6956956956956954,0.7931364814016498,0.005411365054246178,0.30654782037460593
5.7057057057057055,-0.4057322571602242,-0.6330336379112289,0.9242528387016095
5.7157157157157155,0.12317173051445865,1.2616991688324766,0.2077475509833464
5.7257257257257255,-0.7844559868617045,-0.01851554361078848,0.6532320250359347
5.7357357357357355,1.008307953556827,-0.4974848796499193,0.9808706189303567
5.7457457457457455,1.03871296480812,0.057796405666533684,-0.3563416075671238
5.7557557557557555,-0.8182048614116012,-0.7152676661711771,0.06105300983666799
5.7657657657657655,1.8616509534126613,0.04948854417373192,-0.4529627290225307
5.7757757757757755,-0.6804660673235461,0.09861766234579583,-2.0839819106255093
5.7857857857857855,1.3089151380759252,-0.8668066446684094,1.541379226636171
5.7957957957957955,0.8746445532696081,-0.11341904943575089,-0.16155353122829177
5.8058058058058055,0.11224132627398425,0.11401468808550182,-0.10294041653510033
5.8158158158158155,1.981110028999596,2.4135203764968436,-1.489728622828748
5.8258258258258255,0.7438913490804634,-1.2659534445426934,0.2703413760386578
5.8358358358358355,-0.5158908531742893,1.5870900948357916,0.8679650452880693
5.8458458458458455,1.3640362162309934,-0.990623075709334,-0.16911551757247167
5.8558558558558556,0.4467893260826999,0.7021496100075181,-0.8084928839815076
5.865865865865866,-0.7159924231737167,0.8244116758964118,-1.0816658251679603
5.875875875875876,-0.15384969074662125,1.0604026893842864,-1.3259926779755884
5.885885885885886,0.05217708152992609,-1.0003074847346338,-0.2077171439432436
5.895895895895896,1.1071977806598825,1.389589685634686,-1.514906918339006
5.905905905905906,0.23942336115362195,1.388684343319935,0.14164505801196697
5.915915915915916,-1.1838309903354547,1.0843623619631872,0.9438428553838553
5.925925925925926,-0.9483043245581844,1.0938348884882985,0.6064639292908941
5.935935935935936,-0.7805534766765044,0.39694825167560105,-2.3719081596899443
5.945945945945946,-0.39077826880763805,-0.8967150879980053,0.3166258166838021
5.955955955955956,1.5687374133109122,0.1880926443661454,0.6625669091114234
5.965965965965966,-1.6632647769399038,-1.2250909171526039,-0.18356497080380124
5.975975975975976,0.908121971872748,0.3572345524000605,1.4557473494974214
5.985985985985986,-0.3391393728998389,-0.27948031578812244,-0.7814005121547348
5.995995995995996,-0.59207946128469,-0.17635528504597903,0.8635043376348225
6.006006006006006,-0.6441069660785612,-0.6786508641568535,0.017084383568395218
6.016016016016016,0.40942598416081294,-0.06274430563546081,-0.028138499753678874
6.026026026026026,1.1237433702145636,0.6240392769402873,-1.614348399175186
6.036036036036036,-1.0993162122032334,-1.0082000126513684,0.20318375557819815
6.046046046046046,1.2239027796892086,1.5250910985183388,-1.64667851542713
6.056056056056056,0.33605428544239696,-0.40478915392993753,0.468624027688985
6.066066066066066,-0.7606894827565172,-0.8697336637494625,0.5541273748298556
6.076076076076076,-0.02788622958052569,0.6996738512471476,-0.8368722200560328
6.086086086086086,-1.5012514266979795,-0.15734085703102926,-0.9315561096200616
6.096096096096096,0.4216965553535236,1.5191438085400784,-0.09846488066479354
6.106106106106106,0.03964000484974323,-0.6766592370173109,-1.7029056092722545
6.116116116116116,-2.007207219005481,-1.0110615089985018,1.2805610366129754
6.126126126126126,-0.8469439649550975,-1.1075125385992324,-1.0894065240990005
6.136136136136136,-0.37351679817323996,-0.9801801913562962,-1.0643050233967095
6.146146146146146,-0.6530061029816817,-0.12654771216741048,-0.5959815398095966
6.156156156156156,1.1620438909874555,1.2584610488467127,-0.5583467409083612
6.166166166166166,0.8758978730552779,-0.04220071387923204,1.3793927803411428
6.176176176176176,-0.7983921182646073,0.17143295078336895,0.5901718467729559
6.186186186186186,0.28336351221535044,1.1631101616338821,-1.1381948233018018
6.196196196196196,1.268972625918436,-0.16292763698005064,0.2274379196249186
6.206206206206206,-0.7395439418118902,0.5222936878169077,-1.7562025560089503
6.216216216216216,-0.261842667816819,-0.5712537076215536,-0.028115429989323697
6.226226226226226,-0.4874838421549148,0.6167896839983829,-0.4938152096323541
6.236236236236236,-0.8025356964878101,1.7843227609523689,0.3497803880037253
6.246246246246246,0.06175883796995261,-2.293301112352476,-0.8936305230519344
6.256256256256256,-0.42056386374113175,1.521854030597064,0.042355821290532
6.266266266266266,-0.07887693854206694,-0.49373926306130944,0.5404572442951684
6.276276276276276,-0.7270296730309039,0.2493708227752823,-1.2438551088407162
6.286286286286286,0.3114393381137945,1.8683476983908889,0.1292515783271438
6.296296296296296,-0.29731763659252797,0.007037727378819852,-0.7026473596954623
6.306306306306306,-1.2612806403674748,-0.9863068423065341,-0.6557794399846758
6.316316316316316,0.23896852390441908,-0.32129706767052996,-0.7459223246012535
6.326326326326326,-0.9953788881874346,-1.0218102973004044,0.20862999203157745
6.336336336336336,0.5648837807525852,-0.6708426313931678,-1.4049749077530207
6.346346346346346,-1.5667104555678115,0.2146121838775939,-0.8185738767543642
6.356356356356356,-2.2698435735613867,-1.143928770077971,0.09985720806948199
6.366366366366366,0.8856315592036683,0.386011447817231,0.9487916397039151
6.376376376376376,0.875205909159151,0.4483263308425223,1.429294690344833
6.386386386386386,0.19001504355564253,-1.8245627039291288,-1.1545873149672812
6.396396396396396,1.2180030946184133,-1.0179958621444203,1.4669857009451706
6.406406406406406,0.012019941815643548,-0.28807095509797176,1.0312262545452588
6.416416416416417,1.6039856061468887,0.030694435435494365,0.3668020566624667
6.426426426426427,-0.44782346082538854,1.120551917309688,-1.4290208054388513
6.436436436436437,0.8444729671876141,-0.3569505986773354,0.7916410080687113
6.446446446446447,0.5025967596144698,-0.9401272256468826,-0.10536213433593447
6.456456456456457,-0.6880194678281915,0.6678650533830711,0.35237275418983244
6.466466466466467,-1.0364777833462353,-0.5196752269219218,-0.023058241441071225
6.476476476476477,2.372565265778181,0.21139791963272656,-1.1616626504220777
6.486486486486487,-0.06274906757770271,0.21428648417648624,-0.013162737676216148
6.496496496496497,0.389214331038951,-0.9934369404758121,-0.699772015737687
6.506506506506507,-0.6402661952626123,-0.7535786706886239,0.4547552212871101
6.516516516516517,0.5546630121248213,0.7038612204877549,0.5060387112882748
6.526526526526527,0.024257674151759872,0.16393012185990868,-0.3383616067633366
6.536536536536537,0.24111604406590553,-0.5459606502276965,0.5818122228602797
6.546546546546547,0.21322711128248742,-0.5734763843894817,0.12498143474583132
6.556556556556557,0.461796698893465,2.150612684636266,0.09185936267086983
6.566566566566567,0.6890327047762556,1.5027515862403344,0.3205773356773833
6.576576576576577,1.0487776295997857,1.1790124468398364,0.07493066118034865
6.586586586586587,0.4915364052862042,0.34903423109901216,-0.8098039165201775
6.596596596596597,0.6949915810680869,-0.20660374365453127,1.3186584037879925
6.606606606606607,0.38711591969106707,-0.3428926022088146,-0.8778589313909475
6.616616616616617,-0.6772685000723255,0.3481749058022987,-2.619655695491734
6.626626626626627,2.0064977162528947,-1.0146097628298787,-1.4028799825997391
6.636636636636637,0.4063629198517055,1.6571739908533452,-1.233335393792623
6.646646646646647,-0.7016502429488415,-0.462556847707678,-0.6563394743455165
6.656656656656657,0.8192238509819164,-0.3881915231201409,1.124500174122921
6.666666666666667,0.8445777946160359,-0.5041017889875585,-1.653988258227019
6.676676676676677,0.31812150117230853,-1.5313297545292752,0.22167706686046681
6.686686686686687,-0.23392397133915668,-0.5880430465636289,-2.0537567823393728
6.696696696696697,-1.2620150669857941,-0.9946401777440294,0.5562097151494712
6.706706706706707,-0.7093289790157568,1.6037719096507561,1.986460039137423
6.716716716716717,-1.085229827628511,1.0229722204160068,0.3640930190484192
6.726726726726727,-1.3857470576780533,1.5323609640881948,-0.059468210884498954
6.736736736736737,2.8798276914741665,2.023325982229748,-0.9016170444273308
6.746746746746747,-1.8050937226685542,-0.7347094269229257,-0.42316937447377156
6.756756756756757,0.535414304609018,-0.3596073696561623,0.4934889444736884
6.766766766766767,2.3704951128396536,-1.7657629281868474,0.7215695189643913
6.776776776776777,1.412380071399894,0.30472312575499055,1.4684129623673101
6.786786786786787,-1.2590795997454471,0.24943405677652591,0.14997785408172548
6.796796796796797,-1.2535425494049182,-0.006741655240282728,0.11371167988793962
6.806806806806807,-0.6915282455362041,0.3788199718355247,-0.4675699337162266
6.816816816816817,-0.3321390705551705,-0.6355901409903898,0.10559048878356567
6.826826826826827,-1.141016300317816,2.3048460979756413,1.1659071973508495
6.836836836836837,-0.6248940678464157,0.7286428010412642,0.2676963616047705
6.846846846846847,0.09021332173798986,-0.5879595149834326,-0.3581704442433076
6.856856856856857,-0.5106185790744082,-0.07019709472001774,-0.35984430705958265
6.866866866866867,0.9467108787686024,-0.5570415943622307,0.9570224422108423
6.876876876876877,0.12337189473398481,0.31163454636735105,-2.0582228577308705
6.886886886886887,-0.019171338997295898,0.6587977653094889,-1.947782218007621
6.896896896896897,-1.0705120715872336,1.370228990747834,0.3767429652336758
6.906906906906907,-0.12645957396683102,-0.4040601030046301,-2.1563007157250644
6.916916916916917,-1.4435755501009273,0.041960345854584497,-1.0010930907058693
6.926926926926927,-0.6324873609038523,-0.12623022212947427,-1.6969102368162843
6.936936936936937,0.8729212273110203,-1.602340926291793,0.5674471992057335
6.946946946946947,2.4851904048121427,-0.8397490180001871,0.8502014565075072
6.956956956956957,-0.7306219212411912,-1.2081607810049133,1.1489743400861845
6.966966966966967,-0.5572854729561547,-0.7373676670878299,0.34451818195275846
6.976976976976977,0.0831335922596208,-1.0352678968085032,1.7281792969075527
6.986986986986987,0.07690900498334009,-0.534108061122922,-0.41448953378074116
6.996996996996997,-0.08413665081264916,-0.4445245721169009,2.6345911806743563
7.007007007007007,0.06678976959864767,0.9733262836510854,-0.8284992190247602
7.017017017017017,1.1161705464564233,0.6778492467669446,0.99780398185274
7.027027027027027,-0.2902413322885753,-0.1651796602023321,-0.29540574799326474
7.037037037037037,-0.6579943078856308,-0.5456311784714647,-0.7145109523904264
7.047047047047047,-0.0021358752585109355,0.30194092381581195,-0.23961877943525725
7.057057057057057,0.1124875579550243,0.6871336940056991,0.8178051521200952
7.067067067067067,0.5003137266071008,1.25810201667176,0.11901349811266843
7.077077077077077,1.0304982120486579,-0.38250681909735174,0.45043434087628603
7.087087087087087,-0.7955644040146995,-1.7255919326557672,-0.7721951216917441
7.097097097097097,0.9732895069005804,1.6018243508912235,1.792263441552333
7.107107107107107,0.10364353625505275,0.594445906491856,-1.545364931756258
7.117117117117117,0.4293008922114152,1.272885550990328,-0.39635772600982533
7.127127127127127,-0.6781712902600529,0.31224696126096874,-0.4686913061128514
7.137137137137137,0.16534803992418093,-1.2372754312041347,0.36313851497713223
7.147147147147147,1.220037888714072,1.0708954598893998,-0.7260871702539698
7.157157157157157,-0.05815962737078524,0.5630867745201291,-0.681484898083993
7.167167167167167,-0.34541210922060755,-0.8795345280297924,-0.5151585350545698
7.177177177177177,1.2868230299777041,-1.5541586805931704,-0.19428357565961302
7.187187187187187,-0.28061458272976014,-0.5360070436020257,1.0223801637140488
7.197197197197197,-1.251571606371117,0.9147753143190502,-0.02761002657254973
7.207207207207207,-0.08508436333052709,-1.8633998449536902,-0.774626994339054
7.217217217217217,1.4647386217913232,0.016114299113311966,0.8099927214863906
7.227227227227227,0.7683517039976836,1.6142159872094342,1.648296808929099
7.237237237237237,-0.361546603985969,1.3376305290468942,-0.738445205610906
7.247247247247247,-0.038747006931532324,1.3393401325062002,-0.5092098145817638
7.257257257257257,1.8149026595595912,0.20020251798820346,-2.0779787533676957
7.267267267267267,-0.07087998554886146,0.35987707382284734,-0.0002866662821465777
7.277277277277277,0.7252000242991852,1.625742809772864,-1.4991318950281907
7.287287287287287,1.398821993512648,-0.7448192821347981,-3.2225420126173905
7.297297297297297,0.037462170276679856,0.38028261427829635,-1.025822109972998
7.307307307307307,-0.4783642842270746,-1.4995402804484417,-1.3629919015804541
7.317317317317317,0.7896367975242183,0.6070588729314554,-0.13734255329837847
7.327327327327327,-0.6292458935210737,0.14631142785100293,0.5816116760726586
7.337337337337337,0.05156356311816638,-0.5662261917922721,0.5184082776994774
7.347347347347347,-1.2771930726356773,1.236397111689187,-1.1815308767323045
7.357357357357357,1.360417939579699,0.8120829670370854,-1.018080203514472
7.367367367367367,0.9860560754103356,0.6393226263766667,-0.11646805953241182
7.377377377377377,-1.2959692411067023,2.064611828123099,-0.9190731874726321
7.387387387387387,-1.1906892964986011,0.36042149543596375,1.4133821194477203
7.397397397397397,-1.3154995874627167,1.184568755358643,0.640337670786593
7.407407407407407,-0.24805620376217546,-0.3799821607927073,0.6572962809793433
7.4174174174174174,-1.4900046412778958,-0.6156271997647073,1.2479009872818323
7.4274274274274275,0.1896134677309485,-1.346895062751018,0.6558106471809414
7.4374374374374375,-0.2771245445075678,2.0740775082165994,-0.6322512250388589
7.4474474474474475,-0.6323932362250165,2.11629939045225,-0.3133327648657738
7.4574574574574575,-0.23143911213449214,-0.8620239402537502,0.4701136596839497
7.4674674674674675,-1.3954281124503483,-0.6004544159761223,0.43387921099747234
7.4774774774774775,-1.4837355577560598,0.2500164922688759,0.7121824310448349
7.4874874874874875,1.1520994192148195,-0.29032514627912953,-0.33316544669138703
7.4974974974974975,0.49426433092607636,-0.1253358220862637,0.2765232063426658
7.5075075075075075,0.6483585197168595,0.32331183980395795,0.3540942025321206
7.5175175175175175,-0.2994320000920335,-0.24613400948225453,1.980981226920262
7.5275275275275275,-0.2807929011914187,0.6599576916653489,1.7644468064075685
7.5375375375375375,0.02133483138773856,-0.21691540496084313,-2.0346232969810965
7.5475475475475475,1.755031537275871,-1.2122399252510712,0.33667453757289056
7.5575575575575575,1.0742873481338093,1.4601239158654764,-0.8579536988743113
7.5675675675675675,0.7769410824471025,-2.1538824829487866,1.149281379188621
7.5775775775775776,-0.8165847072625255,-0.2069649157312989,0.20864785217720208
7.587587587587588,1.020896029799756,-1.4811509397397602,0.17724768247572634
7.597597597597598,-0.3087854875968702,-0.39636504974230974,-0.22466324909627647
7.607607607607608,0.6986839824732285,-0.5443883595638747,-1.0957874393663543
7.617617617617618,-0.5599027011411004,-0.8404329349979855,-2.2200325144536777
7.627627627627628,1.2017661089553415,-0.891398675922787,0.6005904498983614
7.637637637637638,0.679927283379182,-2.633921604083251,2.1338989786887343
7.647647647647648,-1.3053923468079818,0.7371520189640484,-0.01830553503323574
7.657657657657658,-0.6640907213691573,1.1468701884696284,1.3577967591376066
7.667667667667668,0.5346280438288418,-2.7215305058683157,1.6521414670185797
7.677677677677678,-0.41197388494043746,-0.0744473742567061,-1.0617668423643511
7.687687687687688,-0.7360382641374046,-1.534870043158931,-2.2757498603871915
7.697697697697698,0.3069521171822933,0.3742951858006484,1.4034588707775473
7.707707707707708,0.5615116962985853,-0.08047671436129174,-0.5229279294229007
7.717717717717718,-0.07259889455796364,-1.638485594833549,0.08695703658032677
7.727727727727728,-0.1740237233886546,1.855257863895163,-1.6354976774815355
7.737737737737738,0.016800012878820523,1.5789871282823487,1.0755162137202765
7.747747747747748,0.9376625313516606,-0.21946356248254503,-1.0939500591504883
7.757757757757758,0.6745787606046363,-0.8862603343423862,-0.2022737214898494
7.767767767767768,2.1005334705373615,1.449429297126856,1.5650771894891589
7.777777777777778,-0.587659140793141,-0.4703731840337447,-0.02978465990563388
7.787787787787788,-0.5748699615180455,0.9077272405093652,-0.24798849791347632
7.797797797797798,-0.7484932182772847,-1.3403970013822302,-1.1277023892352191
7.807807807807808,1.0004096026970977,0.34360974807353234,-0.09968714599386376
7.817817817817818,-0.7618535888720097,-0.705845941938579,-0.7118433890238104
7.827827827827828,0.13710983249699135,-0.08221999758387752,1.0651210000241198
7.837837837837838,-0.07921643404857992,0.9201980118196282,-0.561318114354864
7.847847847847848,0.4791701208227119,0.6406450019630215,-0.742538293558158
7.857857857857858,0.6992759969457017,-0.006325927264995405,1.5515223633449406
7.867867867867868,-0.4975034924984044,-1.6156818207071642,0.34110263682164255
7.877877877877878,-0.16355571941227964,-1.2638189254540817,-0.15419128131200335
7.887887887887888,-0.941214419078181,0.09534550109945612,-0.39704728293115965
7.897897897897898,1.0142637043913267,-1.2596875805448176,0.26978428750037925
7.907907907907908,1.2219124427845167,-0.4410686858040961,0.35611942525434537
7.917917917917918,-0.1070834437153155,-1.3372322708437827,-0.153311800435252
7.927927927927928,-0.19787072077006262,-1.3406829735231027,0.7561905926809814
7.937937937937938,-0.417383946050794,-0.03191319496020825,0.6683955284492001
7.947947947947948,2.2557802876371236,-0.7488067555278415,0.506725482725133
7.957957957957958,-0.750852968438284,0.681898624211595,-0.4407213488979174
7.967967967967968,0.44314834488821797,0.8858871647426296,0.1306452820821334
7.977977977977978,-0.39702544574023274,-1.6804831147180552,-1.2459468655936992
7.987987987987988,-0.6557773990839671,1.6999965584863876,-1.0169607465115758
7.997997997997998,0.1803756356923121,0.7565891471412478,-1.7656368186381557
8.008008008008009,2.2230583648152566,0.5966465448689725,0.41643311389744914
8.018018018018019,0.08184555739375933,1.0824437978150925,0.3028746426269268
8.028028028028029,0.36647799437133954,1.8740751892261673,-0.43751716668744695
8.038038038038039,-0.7113463201668104,1.2618658859164893,0.1768155796333763
8.048048048048049,-2.08765848031351,1.5029454700413167,-0.6912824409052967
8.058058058058059,2.02691857165982,1.5957015824849154,-0.9886931320950215
8.068068068068069,0.20081246208621234,-0.33971778250336204,-0.2083154925365695
8.078078078078079,-1.30845037560119,1.4216013993300989,-0.03578726310598339
8.088088088088089,-0.09788707646094312,-1.524688861124836,-1.249383083875631
8.098098098098099,0.3641738296078575,-1.4557022432759372,-0.5903822726280359
8.108108108108109,-1.8998831724879086,0.9482621900442684,0.17279234367845311
8.118118118118119,0.25313144969469586,0.06578089095476641,-0.6062552150292616
8.128128128128129,-0.0717821651771755,-1.7212832255775645,-1.5391140549387212
8.138138138138139,0.0366094566024023,0.04900789053229957,0.9982729295414924
8.148148148148149,-1.116815968660373,-0.5770332856327635,0.35342956411815796
8.158158158158159,-0.19078268693293923,-1.0965503302522825,0.10849645171755876
8.168168168168169,-0.3832653705485956,-1.0623452978444845,-0.5158565178045269
8.178178178178179,-1.2254500365780752,0.5862398999346523,-0.06213535724516723
8.188188188188189,-0.8810195515207256,-0.8625752527119612,-0.425032036922322
8.198198198198199,1.5898922013409,-1.0163452844558365,2.165095701230425
8.208208208208209,1.5337283933263048,-0.41778545365147274,-0.1669254106155886
8.218218218218219,-2.2670666271980644,1.2011151981897696,0.29133600970251505
8.228228228228229,1.3752988706195288,1.2650255947569544,0.12001548551309918
8.238238238238239,-0.027520343689879403,-0.11401454945836033,-1.0602696413762307
8.248248248248249,1.0283678144000075,-1.3006973204721877,-0.09755720276119174
8.258258258258259,-0.7171576541748241,0.9426885806024681,-1.5028015370885115
8.268268268268269,0.46816847371758036,-0.31261568628297914,-0.999823269529225
8.278278278278279,-1.212320142076383,0.5353121916892823,-0.9521358293298717
8.288288288288289,1.199280991969871,0.13583058960469482,-0.6509786742279162
8.298298298298299,1.1883584311109345,-1.1443231248426413,1.1600439329279626
8.308308308308309,-1.1904392989029964,-1.149825131994362,0.04912036741225048
8.318318318318319,1.4781519978829518,-1.9319496917184011,-1.8828787589330933
8.328328328328329,-0.387526816278795,1.1753836159419655,1.4190658464142472
8.338338338338339,0.47522601222819844,0.43816918984348285,-0.9857255755054573
8.348348348348349,0.24160118861002003,-0.5974707963000273,0.826351702513808
8.358358358358359,-2.4803669628942155,-0.055223060813654794,-0.0027734365899857944
8.368368368368369,-0.17133053199940076,0.06402998775218245,-0.13546916132460604
8.378378378378379,-1.9983178848546923,-0.6753276013239421,0.3646528864678123
8.388388388388389,2.221127122196637,-0.8868528404894522,0.036338731418495765
8.398398398398399,1.7170387875943651,0.7179614065318369,-0.7547198898614249
8.408408408408409,1.870346341900367,1.101431437298713,1.7867715192249596
8.418418418418419,-0.07617209895450612,-1.0722748737736896,-0.2412480492609019
8.428428428428429,-0.6084900510939681,-1.1747227087579828,-2.2488215556568294
8.438438438438439,0.9830518348089154,0.6168739586429983,-0.28069564209139203
8.448448448448449,0.3849577300932798,-1.2174596084180707,1.4022653302334038
8.458458458458459,0.9361961312691777,-0.5883439309965011,2.1684666347683392
8.468468468468469,-1.492262245710386,0.690629742959197,-0.7793254057351524
8.478478478478479,-0.5227209934536454,0.6788856256759992,0.3644724339847703
8.488488488488489,0.4230247564376668,1.0511465395766166,-1.0011021576009709
8.498498498498499,0.5047673990667843,-0.7149923974974531,-0.12894451391354586
8.508508508508509,-2.4023653120448136,2.612250903981999,1.4540541626614232
8.518518518518519,0.05971014070885624,-0.40779388790312565,-0.5972993386655686
8.528528528528529,-1.1229338053610234,-0.920610510639331,0.8585329319417269
8.538538538538539,0.8730718842551604,1.5135100319714978,-2.1693537590809937
8.548548548548549,-0.5702889048065162,-0.22350535645631928,-0.2265038390994364
8.558558558558559,0.640383868338004,0.2837823399982676,-0.012119066910229594
8.568568568568569,0.17292505920209172,-2.2768389056289613,-1.3116010323945217
8.578578578578579,1.7212139915836202,0.4527693013310426,0.9252608720007535
8.588588588588589,-1.2190809188675131,-1.3477801387416506,0.49208678959600455
8.598598598598599,0.9422966770378403,-1.259368269126109,-1.5675921397890535
8.608608608608609,-0.2043253284067001,0.59559893815549,1.8876787174937737
8.618618618618619,-0.3837296695978627,0.6270057715361295,1.7174066824322982
8.62862862862863,0.8921280989385225,2.2727063533648972,-1.697175042974284
8.63863863863864,0.1678600736800436,0.8146867022297941,-2.4250347139405606
8.64864864864865,-1.5098721655974294,0.8346755343355894,0.43050898975971774
8.65865865865866,-2.4542048311012996,-1.230852927304037,0.7937641230689323
8.66866866866867,1.2622786494978848,0.028733909608379047,-0.25142900543109736
8.67867867867868,1.4595172517493702,0.9497120902482509,1.5160212885828082
8.68868868868869,1.4425070968786993,-0.7130240907522584,-0.4504916398325076
8.6986986986987,1.2198778678188877,0.3818036787890874,-0.6453974102670728
8.70870870870871,-0.5787286578278558,0.40118751011202053,-0.2509204487773521
8.71871871871872,1.4480578526029069,-1.0563995612547326,-0.45357501221722357
8.72872872872873,-0.3767488330729545,-0.22443615501875616,0.5328943215760341
8.73873873873874,0.021264968300583175,0.5296232887587409,0.5033885924553021
8.74874874874875,0.6637804304884234,-0.7266706788009878,0.7665600439726148
8.75875875875876,0.17934132478149148,-1.18018358429775,-0.38013130207304213
8.76876876876877,-1.0958905776201857,-0.20342083442962272,0.18697979021314587
8.77877877877878,1.5012235682081894,1.4026123103282828,1.0227212969601223
8.78878878878879,0.12839776684903012,0.3032230388040859,1.1405158991994164
8.7987987987988,0.8033771055891084,0.6312087817313783,1.2636462064837135
8.80880880880881,-0.7618391603548511,-1.8112175644960948,-0.6808496875060629
8.81881881881882,-0.8784332794847817,-1.4051696729386294,0.49581425325703987
8.82882882882883,0.7170843578680719,1.026484769949447,0.08269595012783867
8.83883883883884,-1.3764463417293582,-2.467758764757787,1.4815268561474304
8.84884884884885,0.10057850517643371,-0.5658069223744872,0.5136515356412099
8.85885885885886,0.8556047015115751,0.6340985923536672,0.7014912951820075
8.86886886886887,-1.3111176550640136,-1.0443791404841525,0.8258252905768558
8.87887887887888,-1.1423964567799683,-2.837667611940057,0.5198229930862173
8.88888888888889,1.9998289323168303,1.240274430129848,0.3688969609538865
8.8988988988989,12.744152376403505,9.784942636294826,8.748046144544233
8.90890890890891,8.681506891329768,11.141022121473831,7.678945455926617
8.91891891891892,10.963892018266908,7.874748847242968,9.09988623536335
8.92892892892893,4.520376514968692,4.2591823553135555,10.663002000232725
8.93893893893894,10.518847261021735,11.446003550409783,10.205248739675461
8.94894894894895,-1.0712442612729947,0.023055162684265867,-0.13880980451973438
8.95895895895896,-1.8464808696818036,0.46762753850219274,-0.6102089746406885
8.96896896896897,-0.266847018342805,0.6401630978936999,-1.5993655536284583
8.97897897897898,-0.9062787855764213,0.24223433343859188,-1.223678016846406
8.98898898898899,0.1344147796491191,0.5705045239385655,1.136422688904062
8.998998998999,-0.7535551747596352,1.9419832993607078,-0.45560803922500714
9.00900900900901,-0.19067173688419983,0.7338724160532272,0.1943214368334093
9.01901901901902,2.865233677381279,0.4500577585465259,1.9292856148753779
9.02902902902903,0.6601126278377834,-1.2949411361802352,-0.2724475948482399
9.03903903903904,-0.6781075908775029,-0.4189847906533685,-0.9086457622428092
9.04904904904905,0.04269697082237296,-0.09061053590256478,1.1569213410439223
9.05905905905906,0.43802807385246,2.4778867541642624,0.9337210849105967
9.06906906906907,-0.9179357461751078,-0.45555935100720013,0.23322212482010785
9.07907907907908,0.8823129841722774,-0.3537013445939866,0.0242786945393941
9.08908908908909,-0.6771874655056622,0.1194208612723706,0.10245139197937464
9.0990990990991,-0.25748320923237994,-1.0004183236599922,-0.14928739031010974
9.10910910910911,-0.5990650945365438,0.10581550011315068,0.07266873440358369
9.11911911911912,-0.8438199774040743,-1.365274907560678,0.6856928518477621
9.12912912912913,0.04952624826415415,-0.5176162846859557,0.4100210477932772
9.13913913913914,-0.34383891802069283,-1.0576828041453732,0.3194884477156412
9.14914914914915,-0.1952486086160342,-0.9508629243996968,-0.29027297646533434
9.15915915915916,0.39056495031260463,-0.13188193366882808,-0.6660932532910738
9.16916916916917,-0.9336270597519094,-0.4348569177957156,0.0224443502665959
9.17917917917918,-1.7143028724546534,1.3731165676196215,1.0482272885700996
9.18918918918919,-0.16740609261876588,-0.6022140989356444,0.8261352433758055
9.1991991991992,-0.6393274775307661,-0.9189981651832712,0.5555016636809421
9.20920920920921,0.7097017169859637,0.7401620998681399,0.11022734201690201
9.21921921921922,-1.3395298215082403,1.1376128782051484,-0.20509807672414224
9.22922922922923,-0.8861600966493919,-1.8619853902245687,-1.2422674923447623
9.23923923923924,-1.0576769668622228,-0.844780899934312,0.8233596140961094
9.24924924924925,0.29552470695467986,0.37103038645180747,-0.4718807001423078
9.25925925925926,-0.2639626816426877,1.7544369641498747,-0.41587849623528406
9.26926926926927,1.0010025704040855,0.12576173849902997,1.305038555375668
9.27927927927928,-0.8938783856954874,0.9647789291841543,0.12577926482936105
9.28928928928929,-0.31068725171243494,0.16033523777500724,-0.08381179218525786
9.2992992992993,0.02649532875264211,0.26225945711659815,0.30004930274850095
9.30930930930931,10.30125176365659,11.147889330496849,7.398931001104556
9.31931931931932,10.966934112630426,9.090449059973963,12.738345147705024
9.32932932932933,13.244376588120588,13.605111039374265,12.631513584300052
9.33933933933934,10.462580717348407,10.00386614060361,9.15473945387911
9.34934934934935,10.016210388592103,10.168730795044572,10.541577548426027
9.35935935935936,0.4870318419859637,-0.5223644059731255,-0.9743079773911757
9.36936936936937,-0.17502296201062076,0.6142789916250411,-0.2206488672962628
9.37937937937938,-1.1210949429352197,-1.0978251337973663,-1.0934962317158365
9.38938938938939,-0.7138185868061482,-1.6480123092459742,1.1583725066696473
9.3993993993994,1.713415665547585,0.9033357759043262,-0.25212817016468475
9.40940940940941,0.7288717730908318,-0.8764854424156049,1.119182709299504
9.41941941941942,0.43807270480423405,1.0369271834035152,-1.2144616792133587
9.42942942942943,1.7921417723437607,0.4511891035401437,-1.220576274045936
9.43943943943944,1.0198800592326873,0.9924459889720839,0.3980986396390484
9.44944944944945,-0.527329115811213,-1.9010899395012075,-0.331454704759138
9.45945945945946,-0.10102655945752399,-0.9061439085310482,-1.3239048215425235
9.46946946946947,0.05704430096430527,0.20982503497992938,-0.8990419121750546
9.47947947947948,-1.8147303256512206,-1.2096148107029936,1.3414451947322603
9.48948948948949,0.7902985765728552,-0.022255003354616845,0.9062127686569105
9.4994994994995,0.7604118965436275,-1.2453476385974898,-0.7633038861395512
9.50950950950951,-0.4239623665046549,0.198281999395067,0.016080802294720732
9.51951951951952,-0.12083079261307637,-0.7969939585166882,-0.9662986299779304
9.52952952952953,2.099078374305333,-0.5868073682199618,0.9382561134364289
9.53953953953954,-0.4132372132986344,0.005512611040736135,0.4458525856285043
9.54954954954955,1.5637064842928636,0.08575609575096038,-2.2539516253365615
9.55955955955956,-0.49611838817663634,1.057522884204323,1.2371549732383245
9.56956956956957,0.959506236240126,1.0318435104251098,-0.3536745517827503
9.57957957957958,0.5346102505511956,1.0759183789516422,0.2002584561229276
9.58958958958959,-1.3397016171828462,0.48569572476989986,-0.3306778048018718
9.5995995995996,0.0020509079191338734,-1.924369897291645,0.15204059062636524
9.60960960960961,-1.2975778247621788,-0.41942328852718097,0.28499259618270095
9.61961961961962,-0.1596026706260308,0.011860951787261735,1.4770765225317468
9.62962962962963,0.0650375187821331,-1.3721310658585386,0.09124472159630886
9.63963963963964,-0.14227171251804616,-0.2145707227698185,-1.172325047287534
9.64964964964965,-1.4156408670934357,-1.2598416020883132,-0.3670257302956193
9.65965965965966,-1.8629243234998178,0.1364521557589429,-1.7742281217888813
9.66966966966967,0.8212089533585617,-1.987184534387493,1.6601545488968361
9.67967967967968,-0.48084319362514916,-0.2766461768288875,0.3997740831727711
9.68968968968969,-0.44469021683025894,-0.4211762456544545,-0.7629334822411664
9.6996996996997,1.6200005920202527,4.348039984639743,2.508299016374794
9.70970970970971,1.0299991907572255,-1.1993915620965163,-0.3801295989084898
9.71971971971972,0.15344841998878625,0.1821995938481136,-0.5171754220513118
9.72972972972973,-1.8724984458258456,0.01223596242331146,-0.6601731449193547
9.73973973973974,-1.875889303986898,0.2197954259556449,0.46004827475872206
9.74974974974975,1.3657110952321891,-1.1769866004807523,-1.1094771461088648
9.75975975975976,0.3339840290622689,-0.5212337500123208,-2.5614944492936296
9.76976976976977,1.964429588276627,0.5692008314584595,0.7904698471223559
9.77977977977978,-1.661584855201671,1.0941485726615525,0.5411352519756518
9.78978978978979,-0.5194003994894334,0.006209005985129863,-1.0854610431858254
9.7997997997998,1.1885109329196304,0.3714995187568351,1.6727776402950123
9.80980980980981,0.3013611259309741,-1.0716434881600962,-0.3430398596695775
9.81981981981982,-0.8971012298880219,-0.4808481194393345,0.7500694383129479
9.82982982982983,-0.7216014264166216,0.4014369926613474,-0.31807479978369874
9.83983983983984,0.5815262196598944,1.119658119047809,0.4625474910248061
9.84984984984985,-0.9896508419030039,-1.3023682760545137,-1.0322728920078819
9.85985985985986,0.6963499217658758,-0.961948339124248,2.4428012880912657
9.86986986986987,0.7079057576981019,0.6776709502001003,-0.8857218648680346
9.87987987987988,-1.428821429376122,0.5773608870588813,0.33122720450529675
9.88988988988989,-0.10160387764764285,-0.28770067290247037,1.7514682533329469
9.8998998998999,0.00851552212788655,1.0352890608166663,-0.13833069501345466
9.90990990990991,-0.5676080549054986,-0.8913063513616435,0.030078166185751973
9.91991991991992,-0.3060942069389653,-1.0295461868971099,-0.00783440390622812
9.92992992992993,-0.5514981550184379,1.4240328113234437,-0.7564289211394788
9.93993993993994,-1.406506873388987,0.4672337090880381,-0.5721844910951316
9.94994994994995,1.8735313833552207,-1.6441477025923914,-0.9689943922045537
9.95995995995996,0.14304313358491935,-0.5245851818925179,-0.365630907247158
9.96996996996997,-0.2314448492820738,1.4417697878271278,-2.483398739031802
9.97997997997998,0.3828899323246166,-1.3359015348290613,0.3747494308718518
9.98998998998999,0.48096494646960025,0.7299852388869598,-0.5613197503040891
10.0,-0.007749168648393337,1.0881354651775836,0.10824880363162898
